Central,1,OFF-BI-10004995,GBC DocuBind P400 Electric Binding System,8710.34,-3048.62,-35.00
Central,2,OFF-BI-10003527,Fellowes PB500 Electric Punch Plastic Comb Binding Machine with Manual Bind,6100.75,-1525.19,-25.00
Central,3,OFF-AP-10002534,3.6 Cubic Foot Counter Height Office Refrigerator,530.32,-1378.82,-260.00
Central,4,TEC-MA-10000822,Lexmark MX611dhe Monochrome Laser Printer,14279.92,-1189.99,-8.33
Central,5,OFF-BI-10004632,Ibico Hi-Tech Manual Binding System,1894.69,-1160.32,-61.24
East,1,TEC-MA-10000418,Cubify CubeX 3D Printer Double Head Print,6299.98,-9239.97,-146.67
East,2,OFF-SU-10002881,Martin Yale Chadless Opener Electric Letter Opener,5329.98,-1199.25,-22.50
East,3,FUR-TA-10004154,"Riverside Furniture Oval Coffee Table, Oval End Table, End Table with Drawer",3958.53,-1187.56,-30.00
East,4,OFF-BI-10000545,GBC Ibimaster 500 Manual ProClick Binding System,5402.96,-1065.37,-19.72
East,5,TEC-MA-10001148,Swingline SM12-08 MicroCut Jam Free Shredder,929.09,-1027.70,-110.61
South,1,TEC-MA-10004125,Cubify CubeX 3D Printer Triple Head Print,7999.98,-3839.99,-48.00
South,2,FUR-TA-10000198,Chromcraft Bull-Nose Wood Oval Conference Tables & Bases,6611.76,-2865.10,-43.33
South,3,OFF-BI-10000545,GBC Ibimaster 500 Manual ProClick Binding System,2967.82,-1978.55,-66.67
South,4,TEC-MA-10002412,Cisco TelePresence System EX90 Videoconferencing Unit,22638.48,-1811.08,-8.00
South,5,OFF-BI-10004995,GBC DocuBind P400 Electric Binding System,1633.19,-1306.55,-80.00
West,1,TEC-MA-10000822,Lexmark MX611dhe Monochrome Laser Printer,2549.99,-3399.98,-133.33
West,2,TEC-MA-10001695,Zebra GK420t Direct Thermal/Thermal Transfer Printer,703.71,-938.28,-133.33
West,3,FUR-BO-10001972,O'Sullivan 4-Shelf Bookcase in Odessa Pine,1808.65,-802.10,-44.35
West,4,FUR-CH-10003312,Hon 2090 “Pillow Soft” Series Mid Back Swivel/Tilt Chairs,3371.76,-547.91,-16.25
West,5,FUR-BO-10002613,"Atlantic Metals Mobile 4-Shelf Bookcases, Custom Colors",2261.89,-491.72,-21.74
